Service ID,Short code,Partner Name,service type,Product ID,SPID,Revenu Contact
154102000014294,623,Credoks Digital Service PLC,API,1000020927,15410,
Telefun01,130,Modertech Telecom VAS PLC,API,Ethio130yearMegaPromo01,130,
153352000014279,9836,TechnoLab Interactive PLC,API,Ethio130yearMegaPromo04,130,
Teleplay0001,830,Nano Technology plc,API,Ethio130yearMegaPromo05,130,
30021100007243,6114,Digital Virgo Technology Solution PLC,API,10000302761,300119,
teleBeat0001,853,Go Digital Service PLC,API,48531001,GoDigital_tech_plc,
154222000014499,985,I Connect Digital Service PLC,API,1000021600M,15422,
300100200007127,131,MOBILE SPIN VAS PLC-131,API,1000030147,300118,
154282000014331,619,SHEDELI-TRADING-PLC2 (SIM backu),API,1000021911,15428,
154102000014293,623,Credoks Digital Service PLC,API,1000020926,15410,
154312000014334,604,Teleport Technologies PLC ,API,1000020993,15431,
30011900007276,6446,Digital Virgo (Youscribe ),API,10000302794,300119,
Telebattle644Daily,644,Digicom Intellegent systems PLC,API,TelebattleDaily,644,
156872000014651,927,Technolab Interactive PLC,API,1000021305,15687,
300039200007039,6424,Ashenafi negusse /Business Excel,API,1000030052,300039,
30025000007311,8796,SNAPWRE Technologies plc,API,10000302830,300250,
30023100007280,6698,Hab Solution and Trading One Member plc,API,10000302798,300231,
150792000013982,9604,Playstream Interactive PLC,API,1000020222,15079,
300089200007089,6292,Ashenafi Negussie / Import Exsport ,API,1000030103M,300089,
30024600007305,849,Playstream Interactive PLC(victory play),API,10000302823,300246,
133282000014546,6595,Ashenafi negusse/Kihilot Acadamey,API,1000021765,13328,
42822000002838,8100,FANA BROADCASTING CORPORATE S.C (8100),API,1000011893,42822,
154742000014381,9143,PLAYSTREAM INTERACTIVE PLC,API,1000021188,15474,
30021200007244,6295,DEWAY CALL CENTER AND VAS PLC,API,10000302762,300212,
Teleplay0003,830,Nano Technology plc,API,40001001,nano_tech_plc,
154222000014491,985,I Connect Digital Service PLC,API,1000021587M,15422,
Telefun02,130,Modertech Telecom VAS PLC,API,Ethio130yearMegaPromo01,130,
151602000014600,6916,Kulu network plc,API,Ethio130yearMegaPromo04,130,
Teleplay0002,830,Nano Technology plc,API,Ethio130yearMegaPromo05,130,
30013400007196,985,I Connect Digital Service PLC,API,1000030223,15422,
teleBeat0002,853,Go Digital Service PLC,API,48531001,GoDigital_tech_plc,
30013400007172,9367,Hab Solution and Trading One Member plc,API,1000030199,300142,
102132000005008,8469,Startups technologis plc,API,1000008496,10213,
151602000014049,9672,Kulu network plc,API,1000021535,15160,
30013700007216,8380,ALEHABEK TRADING PLC,API,1000030243,300176,
30020100007235,8494,Alhabek Trading plc,API,1000030273,300150,
30019500007239,6026,Chartered Advisory Service PLC,API,1000030267,300194,
30011900007129,6114,Digital Virgo Technology Solution PLC,API,1000030149,300119,
30021900007271,6694,Hab Solution and Trading One Member plc,API,10000302789,300237,
151602000014237,3 DAYS,Kulu network plc (Elf Plus),API,15160,9791,
156362000014526,3 DAYS,Yishemtu Technology plc,API,15636,8601,
300100200007101,9013,Techstar Technologies PLC,API,1000030115,300084,
133312000012908,7758,Highlight Tradings,API,1000020617,13331,
133282000010590,7595,Ashenafi negusse/Addis Learning ,API,1000016485,13328,
151112000014518,6260,Kutak solution,API,1000021658,15111,
157292000014747,863,Chartered Advisory Service PLC,API,1000022069,15729,
Telefun04,130,Modertech Telecom VAS PLC,API,Ethio130yearMegaPromo01,130,
156062000014506,6356,PLAYSTREAM INTERACTIVE PLC,API,Ethio130yearMegaPromo04,130,
30013400007173,9149,TECHVIEW DIGITAL SERVICE PLC,API,Ethio130yearMegaPromo05,130,
151112000014014,9677,Kutak Solutions,API,1000020299,15111,
133292000010809,7753,Peace Technology,API,1000016322,13329,
154312000014335,604,Teleport Technologies PLC ,API,1000021000,15431,
1572900007302,863,Chartered Advisory Service PLC(Maya),API,10000302820,15729,
30022500007262,942,Mobile Spin VAS PLC (WinnersHub),API,10000302780,300225,
300100200007109,679,ALL AFRICANS ENTERPRENER PLC,API,1000030129,300105,
106762000005276,6366,Eco Plus IT Solution,API,1000008987,10676,
30013700007213,9262,HOPE ENTERTAINMENT,API,1000030240,300077,
133642000010805,7670,ATN Technology,API,1000016312,13364,
156122000014514,9971,FMS IT Solution PLC,API,1000021648,15612,
136242000012237,7377,Highest Techinology plc,API,1000017830,13624,
30020200007236,8186,Shimmelis Abebe Megersa,API,1000030274,300202,
115042000005888,6095,Amisoft IT Solution,API,1000012940,11504,
151142000014048,9726,Hikma PLC,API,1000020407,15114,
154222000014364,3 DAYS,I Connect Digital Service PLC,API,15422,9401,
133642000010806,7671,ATN Technology,API,1000016314,13364,
104032000005033,3 DAYS,251IDEAS2,API,10403,6893,
134782000011607,7769,Speed Tech Technologies PLC,API,1000017213,13478,
300069200007069,7247,BETE ZEMA ICT Solutions PLC ,API,1000030082,300069,
153772000014239,9782,Swift Tech,API,1000020813,15377,
109052000005588,6045,Kiya Tech plc,API,1000012938,10905,
132732000010305,6300,EXCELLENT YOUTH PERSONALITY DEVELOPMENT ORG,API,1000015703M,13273,
104032000004911,6808,251 ideas,API,1000008260,10403,
151682000014136,3 DAYS,Teleport Technologies PLC ,API,15168,9736,
300076200007076,7074,FMS IT SOLUTION PLC ,API,1000030089,300076,
Teleplay0004,830,Nano Technology plc,API,40001001,nano_tech_plc,
30013700007214,9262,HOPE ENTERTAINMENT_MUSIC,API,1000030241,300078,
151652000014053,9741,Tsehay Ashagrie Telecommunication VAS,API,1000020415,15165,
73012000003917,8436,Tecido Trading plc,API,1000030258,7301,
30027000007355,6069,Trust Technology PLC,API,10000302875,300270,
154362000014357,9389,Matrix ICT Solutions PLC ,API,1000021038,15436,
146092000013106, ,Chartered Advisory Service PLC,API,14609,9289,
300066200007066,8135,ELU STAR TRADING PLC,API,1000030079,300066,
134892000011904,3 DAYS,Elpida Trading PLC,API,13489,7672,
106232000005240,6455,Comtel Trading,API,1000008881M,10623,
30022200007257,8894,GIG Trading,API,10000302775,300222,
136142000012292,7737,ARMA technology plc,API,1000017913,13614,
106702000005290,6005,NIZECELL,API,1000009021M,10670,
152202000014113,9764,Yuniversal Marketing plc,API,1000020708,15220,
30026500007343,6462,G D F TRADING ONE MEMBER PLC,API,10000302862,300265,
30013400007185,9865,SUCCESS TRADING PLC,API,1000030212,300011,
300100200007100,8119,Tsehay Ashagrie Telecommunication VAS,API,1000030114,300100,
30023300007283,6689,YISAKOR Trading PLC,API,10000302801,300233,
300021200007021,8738,ALHABEK TRADING PLC,API,1000030034,300021,
151512000014110,9735,Amha Wehibe Importer and Technology,API,1000020532,15151,
30023600007286,6882,Ashenafi Nigussie Teklu,API,10000302804,300039,
150772000013989,3 DAYS,Alif Technologies P.L.C,API,15077,9662,
3000112000007010,8491,SUCCESS TRADING PLC,API,1000030024,300011,
154312000014336,604,Teleport Technologies PLC ,API,1000021001,15431,
155462000014438,9457,Elfe Technology PLC,API,1000021360,15546,
155452000014450,9412,AMARACH MEDIA & ENTERTAINMENT PLC,API,1000021407,15545,
154192000014304,3 DAYS,Yoha Technology PLC,API,15419,9186,
156232000014529,6469,Circle Technology PLC,API,1000021730,15623,
154382000014351,9614,Zema Technologies PLC,API,1000021080,15438,
153282000014179,3 DAYS,T A F Private Limited Company,API,15328,9740,
Teleplay0010,830,Nano Technology plc,API,40001001,nano_tech_plc,
122072000006508,6414,Tak Technologies plc,API,1000013033,12207,
300100200007128,131,MOBILE SPIN VAS PLC-131,API,1000030205,300118,
156072000014504,9142,PLAYSTREAM INTERACTIVE PLC,API,1000021617,15607,
Telefun05,130,Modertech Telecom VAS PLC,API,Ethio130yearMegaPromo01,130,
300061200007061,7558,Adasha Tech Solution/ Temesgen Adugna,API,Ethio130yearMegaPromo04,130,
teleBeat0004,853,Go Digital Service PLC,API,48531001,GoDigital_tech_plc,
150732000013987,9676,Danat ICT System PLC,API,1000020240,15073,
Teleplay0006,830,Nano Technology plc,API,40001001,nano_tech_plc,
133632000010745,3 DAYS,Link Net Communication plc,API,13363,7868,
300093200007093,9342,Ereality Technologies PLC,API,1000030107,300093,
300059200007059,7128,Kutak solutions,API,1000030072,15111,
151342000014031,9643,Rimas Technologies/Mustefa & Sones,API,1000020349,15134,
151552000014125,9746,Fikrie Gebeyew Telecommunication VAS,API,1000020559,15155,
300053200007053,8395,HAYATECH Trading PLC,API,1000030066,300053,
151732000014058,3 DAYS,Glory Technology PLC,API,15173,9729,
156562000014551,8587,Right Tech,API,1000021780,15656,
150632000013978,3 DAYS,Jegnit ICT Sytem PLC,API,15063,9674,
300001200007002,8512,Bora General Trading,API,1000030012,300001,
152332000014186,3 DAYS,Workalem Gugssa,API,15233,9817,
153042000014177,3 DAYS,Xerox trading plc,API,15304,9673,
300071200007071,7208,Pietech VAS PLC,API,1000030084,300071,
30013700007212,8663,BST Media PLC,API,1000030239,300173,
30013700007217,8031,MG ICT SOLUTION PLC,API,1000030244,300177,
30013500007209,8548,BK AUTOSPA ONE MEMBERSHIP PLC,API,1000030236,300170,
30020400007238,6018,Techmaster,API,40001008,300204,
155552000014453,9408,Black Future consultancy S.C,API,1000021478,15555,
151022000014034,3 DAYS,Singitan Multimedia & Press Works PLC,API,15102,9644,
152042000014097,9785,Telco vas,API,1000020510,15204,
151542000014042,9750,Aman Wassie Abdie,API,1000020397,15154,
30013700007215,8486,ALHABEK TRADING PLC,API,1000030242,300150,
152012000014209,9759,HELLO MEREJA PLC,API,1000020710,15201,
156682000014718,6704,Warkinesh Tulu,API,1000022009,15668,
151182000014011,9871,Qene Technologies Plc,API,1000020301,15118,
151702000014077,9714,Yoseph Abera,API,1000020470,15170,
155552000014454,9407,Black Future consultancy S.C,API,1000021481,15555,
Teleplay0007,830,Nano Technology plc,API,40001001,nano_tech_plc,
151312000014030,9747,BTY Technology PLC,API,1000020355,15131,
156692000014719,6548,Marame Amante VAS,API,1000022015,15669,
151972000014087,9647,Excellent Technologies,API,1000020488,15197,
300097200007097,7137,Right Tech Solution PLC,API,1000030111,300097,
300009200007013,8483,Tecno trande It Solution plc,API,1000030013,300009,
150932000014039,9731,Yessuneh defo Aman plc,API,1000020388,15093,
300068200007068,7897,Yam trading and digital service PLC,API,1000030081,300068,
Teleplay0005,830,Nano Technology plc,API,40001001,nano_tech_plc,
156592000014586,7292,MUSTEFA & SONS PLC,API,1000021785,15659,
30012500007138,9609,Feven Eyasu,API,1000030159,300128,
3000172000007010,8739,PLAYSTREAM INTERACTIVE PLC,API,1000030029,300017,
300067200007067,8616,GLORY TECHNOLOGY,API,1000030080,300067,
155572000014482,9534,Easy life solutions ICT PLC,API,1000021562,15557,
155232000014397,9807,Auto Safety PLC,API,1000021254,15523,
152372000014181,9846,Bikila Lema,API,1000020659,15237,
156832000014659,8689,Alen home solution ,API,1000021919,15683,
156992000014665,6217,DANIEL ABEBE NEGATU,API,1000021937,15699,
156442000014547,6943,Wilu Technologies PLC/Omega Engineering PLC,API,1000021767,15644,
150182000013984,9646,Lumetech Enginering PLC,API,1000020238,15018,
teleBeat0010,853,Go Digital Service PLC,API,48531001,GoDigital_tech_plc,
151532000014072,9745,Feven Eyasu Achaw/Be artistic,API,1000020455,15153,
153462000014205,9749,Smart Media PLC,API,1000020698,15346,
3000122000007010,6093,MTK TECHNOLOGYS PLC,API,1000030025,300012,
30019200007236,6086,Zemen Technology PLC,API,1000030264,300192,
300054200007054,7741,Meet consultancy,API,1000030067,300054,
30011900007133,6139,Peace technology PLC,API,1000030153,13329,
152402000014137,9809,Shimelis Matebu Debela,API,1000020587,15240,
3000282000007020,8715,Cozy Net computer and related work plc,API,300028,8715,
133652000010965,7756,Neew ict and event organizer,API,1000016652,13365,
300205200007237,8219,The Choosen Telecommunication,API,1000030275,300205,
300060200007060,8231,MAM ICT Technology,API,1000030073,300060,
156572000014603,6765,Ahadu Technology,API,1000021845,15657,
154622000014365,9356,Star Technology,API,1000021078,15462,
157152000014717,8032,Blue Line IT solution ,API,1000022001,15715,
153382000014188,9847,Elshaday Abera,API,1000020675,15338,
3000232000007020,6557,AGE ENGINEERING PLC,API,300023,6557,
30024800007309,9253,AL Habesha Media & Communication,API,10000302828,300248,
134492000011225,8316,WB Information Technology plc,API,1000016828,13449,
3000132000007010,8754,FEVEN EYASU ACHAW / interior Design,API,1000030026,300013,
157742000014826,9200,Wendem Kalid megibare senay,API,1000022155,15774,
156902000014658,6234,Fraf IT Solution ,API,1000021924,15690,
300006200007010,8832,Bit Apps ICT Solution PLC,API,1000030011,300006,
155132000014399,9237,Future IT Technologies PLC,API,1000021262,15513,
151712000014056,9754,Inception Technologies/Dawit Nehemia,API,1000020420,15171,
107192000005395,6754,Aplus Telecom Service ,API,1000009288,10719,
152322000014139,9805,Mulu Matebu,API,1000020596,15232,
152382000014180,9812,Samson Girma,API,1000020657,15238,
152362000014184,9820,Mahlet Israel,API,1000020664,15236,
150252000013969,9872,Playstream Interactive PLC,API,1000020203,15025,
Teleplay0009,830,Nano Technology plc,API,40001001,nano_tech_plc,
152502000014135,9781,Matrix Consultancy/Berihun Gezahegn,API,1000020576,15250,
300004200007005,8128,Cloud Information Technology plc,API,1000030008,300004,
155802000014468,9383,All african,API,1000021547,15580,
156652000014602,6863,Techview Digital Service PLC,API,1000021838,15665,
155012000014388,9583,Ethio prenerse,API,1000021218,15501,
152342000014182,9819,Derartu Tsegaye Abera,API,1000020661,15234,
155632000014487,9976,Happy kids ICT PLC,API,1000021579,15563,
111052000006648,6826,Enlight Technologies PLC,API,1000014288,11105,
153242000014191,9829,Dartech it business solution ,API,1000020688,15324,
300042200007042,8712,Hyper info tech technology PLC,API,1000030055,300042,
151072000014009,9722,Imran technology  plc,API,1000020372,15107,
300047200007049,8761,Star Technologies PLC-8761,API,1000030062,300049,
teleBeat0006,853,Go Digital Service PLC,API,48531001,GoDigital_tech_plc,
151022000014527,6191,Singitan Multimedia & Press Works PLC,API,1000021696,15102,
Telefun06,130,Modertech Telecom VAS PLC,API,Ethio130yearMegaPromo01,130,
154282000014328,615,Shedeli Trading PLC (Tele drive ),API,1000020963,15428,
154652000014387,9943,Aspire Utopia Solutions,API,1000021196,15465,
151032000014021,9710,Kelil Aman,API,1000020319,15103,
300007200007010,3 DAYS,Kefyalew Seyoum,API,300007,8512,
152352000014140,9811,Abdi Birhanu ,API,1000020598,15235,
151542000014530,3 DAYS,Aman Wassie,API,15154,6421,
30013400007183,9296,ALHABEK TRADING PLC,API,1000030210,300150,
300100200007107,7483,BA ICT SOLUTIONS PLC,API,1000030121,300104,
30024600007308,849,Playstream Interactive PLC(victory play),API,10000302827,300246,
157002000014713,3 DAYS,African Horn Computer Solution,API,15700,8124,
300029200007029,8401,ART meda Trading Plc,API,1000030042,300029,
300100200007111,8154,Solomon Abebe Beyene,API,1000030131,300108,
30017800007224,8452,HYPER INFO TECH TECHNOLOGY-8452,API,1000030251,300179,
150742000014020,9711,Tenachin Fitness Tips/Abdu Seid,API,1000020321,15074,
156812000014722,8691,ZUZI COMMUNICATION TECHNOLOGY PLC,API,1000022029,15681,
30022600007273,6374,Zemen Technologies PLC,API,10000302791,300226,
15164200007015,3 DAYS,YISHAK KEBEDE VAS,API,15164,8589,
151642000014041,6697,YISHAK KEBEDE VAS,API,1000020391,15164,
300100200007112,8776,XMG Business Group PLC,API,1000030132,300109,
30013400007193,8024,VISION TECH TRADING ONE MEMBER PLC,API,1000030220,300157,
30021700007249,8117,Vision Tech Trading,API,10000302767,300217,
30021700007264,8117,Vision Tech Trading,API,10000302782,300217,
30021700007265,8117,Vision Tech Trading,API,10000302783,300217,
30026900007351,843,Vionet Technologies PLC,API,10000302870,300269,
30026100007329,6294,Velnet Solutions PLC,API,10000302848,300261,
155272000014403,9295,Trade Ethiopia Commissioning,API,1000021274,15527,
30015500007191,9047,251Communication And marketing plc,API,1000030218,300155,
150982000013999,9733,Abem Tech plc,API,1000020261,15098,
30025500007319,6975,Abol Technology ,API,10000302838,300255,
30025200007314,8975,AHT NET & ICT Solutions PLC,API,10000302833,300252,
153362000014281,9834,Alhabek Trading PLC,API,1000020913,15336,
30017200007312,960,Alicom Trading PLC,API,10000302831,300172,
30013600007211,960,Alicome Trading PLC,API,1000030238,300172,
30013400007194,9154,ASPIRE UTOPIA SOLUTIONS,API,1000030221,300158,
156882000014654,6673,BEALU DEMISSIE GORFE,API,1000021887,15688,
148112000013330,6383,Bealu Vas ,API,1000019316,14811,
30023000007279,8604,Beshatu Tolemariam Terefe,API,10000302797,300230,
300100200007110,9495,Betelehem Yosef VAS Service,API,1000030130,300106,
30023500007285,9170,Brote Tich Trading Plc,API,10000302803,300235,
156412000014534,655,Busa Gonofa,API,1000021712,15641,
30021900007251,6574,BYG PLC,API,10000302769,300219,
153932000014271,9301,Chartered Advisory Service PLC,API,1000020876,15393,
155532000014451,9306,Chartered Advisory Service PLC,API,1000021400,15553,
30021400007246,6296,Circles Technology,API,10000302764,300214,
30015500007189,9047,Communication and Marketing PLC,API,1000030216,300155,
30015500007190,9047,Communication and Marketing PLC,API,1000030217,300155,
153472000014206,9605,Core Engineering Technology plc ,API,1000020700,15347,
Telebattle644Weekly,644,Digicom Intellegent systems PLC,API,TelebattleWeekly,644,
Telebattle644OnDemand,644,Digicom Intellegent systems PLC,API,TelebattleOnDemand,644,
Telebattle644Monthly,644,Digicom Intellegent systems PLC,API,TelebattleMonthly,644,
30011900007134,6114,Digital Virgo Technology Soluation PLC,API,1000030154,300119,
30013400007206,6114,Digital Virgo Technology Solution PLC,API,1000030148,300119,
30011900007277,6446,Digital Virgo (Youscribe ),API,10000302795,300119,
156212000014533,9322,Ditech,API,1000021773,15621,
300056200007056,7896,Double Y Engineering PLC,API,1000030069,300056,
30013400007151,9429,EDU TECH ICT Solutions PLC,API,1000030176,300135,
30013400007152,9429,EDU TECH ICT Solutions PLC,API,1000030177,300135,
30021800007250,6628,EFHOI Ethio Family Health PLC,API,10000302768,300218,
30011900007131,7113,ERISTE ATINAF ASRES,API,1000030151,300121,
135702000011986,6800,Ethio_ENDF,API,1000017568,13570,
300080200007080,6431,FALCON TECH SOLUTIONS PLC,API,1000030093,300080,
30024500007304,9228,Feliz VAS,API,10000302822,300245,
3000262000007020,3 DAYS,FIKADE GACHENA,API,300026,6273,
30012500007139,9045,FREMNATOS ELDERS MENTALY DIS AND CHILD CHARTY ORG,API,1000030160,300126,
30013400007179,NA,Gamo Gofa Zone,API,NA,NA,
30022200007259,8894,GIG Trading,API,10000302777,300222,
30022200007258,8894,GIG Trading,API,10000302776,300222,
30023900007290,9632,Gizuf Digital Service,API,10000302808,300239,
30023900007289,9632,Gizuf Digital Service,API,10000302807,300239,
30023900007288,9632,Gizuf Digital Service PLC,API,10000302806,300239,
30026400007335,6206,Global Engineering PLC,API,10000302854,300264,
300093200007094,7198,GO DIGITAL PLC,API,1000030109,300095,
teleBeat0008,853,Go Digital Service PLC,API,48531001,GoDigital_tech_plc,
teleBeat0009,853,Go Digital Service PLC,API,48531001,GoDigital_tech_plc,
30024100007296,984,Hahu Tech Café PLC,API,10000302814,300241,
30024100007292,984,Hahu Tech Café PLC,API,10000302810,300241,
30024100007297,984,Hahu Tech Café PLC,API,10000302814,300241,
30024100007293,984,Hahu Tech Café PLC,API,10000302811,300241,
30024100007295,984,Hahu Tech Café PLC,API,10000302817,300241,
30024100007299,984,Hahu Tech Café PLC,API,10000302817,300241,
30024100007294,984,Hahu Tech Café PLC,API,10000302816,300241,
30024100007298,984,Hahu Tech Café PLC,API,10000302816,300241,
300003200007004,3 DAYS,HAPPY TECHNOLOGY PLC,API,300003,6243,
150892000014076,9875,Hyper info tech technology plc,API,1000020466,15089,
154222000014493, ,I Connect Digital Service PLC,API,15422,985,
154222000014490, ,I Connect Digital Service PLC,API,15422,985,
154222000014492, ,I Connect Digital Service PLC,API,15422,985,
157032000014708,9402,ICONNECT,API,1000019105,14576,
1457600007342,9402,Iconnect,API,10000302861,14576,
1457600007341,9402,Iconnect,API,10000302860,14576,
300052200007052,7740,Innovii Digital Service ,API,1000030065,300052,
300210200007242,8528,Jegol Technology One Member PLC,API,10000302760,300210,
30026200007330,6313,Kalem Trading PLC,API,10000302849,300262,
30026200007337,6313,Kalem Trading PLC,API,10000302856,300262,
30026200007340,6313,Kalem Trading PLC,API,10000302859,300262,
30026200007336,6313,Kalem Trading PLC,API,10000302855,300262,
30025300007317,6590,KIMA Multimedia Production One Member,API,10000302836,300253,
30025800007326,9307,Kings Gate Yelemtena Bego Aderagot ,API,10000302845,300258,
30019300007237,8235,Lekene One Member PLC,API,1000030265,300193,
156642000014589,6978,Leta Senbato Oljira,API,1000021790,15664,
30026800007346,6242,Lydia Solomon Tufa,API,10000302865,300268,
30026800007349,NA,Lydia Solomon Tufa,API,NA,NA,
30026800007348,NA,Lydia Solomon Tufa,API,NA,NA,
30026800007347,6242,Lydia Solomon Tufa,API,10000302866,300268,
30021300007245,6166,MATRIX TECHONOGY PLC ,API,10000302763,300213,
30022300007260,8831,MELAKU W/MICHAEL,API,10000302778,300223,
30021600007248,8302,Melihik Technology plce,API,10000302766,300216,
300000200007001,8534,MELONI VAS,API,1000030000,300000,
3000272000007020,9529,Meseret Gachena,API,1000030040,300027,
150392000013958,9222,MINISTRY OF EDUCATION1,API,1000020165,15039,
30022500007263,942,Mobile Spin VAS PLC (WinnersHub),API,10000302781,300225,
151082000014037,9723,MT ICT TECHNOLOGY PLC,API,1000020382,15108,
Teleplay0008,830,Nano Technology plc,API,40001001,nano_tech_plc,
300100200007116,9437,NAPU,API,1000030136,300113,
157122000014715,6994,Napu Technology Services,API,1000022011,15712,
30025900007327,6089,Natanet Integration & Trade of Technology,API,10000302846,300259,
30024400007303,6728,Nebil Samuel Edasu,API,10000302821,300244,
30024300007315,6791,New Rise Technology,API,10000302834,300243,
30024300007316,6791,New Rise Technology PLC,API,10000302835,300243,
30024300007301,6791,New Rise Technology PLC,API,10000302819,300243,
30012500007135,8732,Nutrition Trading PLC,API,1000030155,300124,
155732000014484,9362,OK SMS,API,1000021571,15573,
30024600007306,849,Playstream Interactive PLC(victory play),API,10000302824,300246,
30024600007307,849,Playstream Interactive PLC(victory play),API,10000302825,300246,
157042000014712,8873,PO Vas And software solutions,API,1000021983,15704,
300051200007051,8858,POINT ICT TECHNOLOGY PLC  ,API,1000030064,300051,
150602000013972,9611,Primecom Technologies PLC,API,1000020209,15060,
30024700007308,6956,RIMARTSCHOOL.COM,API,10000302826,300247,
30013400007156,9052,ROBE HABTAMU BIRHANU,API,1000030182,300136,
300206200007238,6098,Roja Solutions PLC,API,10000302756,300206,
156962000014710,6204,S E VAS TRADING PLC,API,1000021979,15696,
300034200007034,8425,SAMHAR TRADING PLC,API,1000030047,300034,
300050200007050,8253,SAN METROPOLITAN PLC,API,1000030063,300050,
30022800007275,6111,SER State office of the prisedant,API,10000302793,300228,
153492000014207,9100,Shedeli Trading PLC,API,1000020706,15349,
30026300007333,9286,SKYKIN Technologies PLC,API,10000302852,300263,
30026300007332,9286,SKYKIN Technology PLC,API,10000302851,300263,
30026300007331,9286,SKYKIN Technology PLC,API,10000302850,300263,
30026300007334,9286,SKYKIN Technology PLC,API,10000302853,300263,
30013400007171,9248,STAR TECHNOLOGIES PLC-9248,API,1000030198,300141,
30022400007261,8849,Superior Technology PLC,API,10000302779,300224,
156422000014548,6571,TARIKU BELFA DEKO,API,15642,15642,
300207200007239,6178,Tebeb Digital Service plc,API,10000302757,300207,
30022000007255,6906,Tec MED Revolution,API,10000302773,300220,
30012800007146,883,TECH VAS TELECOMUNICATION VALUE ADDED SERVICE,API,1000030168,300130,
300100200007102,9013,Techstar Technologies PLC,API,1000030116,300084,
300100200007104,9012,Techstar Technologies PLC,API,1000030118,300103,
300100200007103,9012,Techstar Technologies PLC,API,1000030117,300103,
150922000014038,9730,Tigist Teshome,API,1000020386,15092,
156312000014535,6625,TIRUWORK TSEGAYE MOLLA,API,1000021748,15631,
30024900007310,8526,,API,10000302829,300249,
30026900007354,843,,API,10000302874,300269,
30026900007352,843,,API,10000302871,300269,
30027200007357,6141,,API,10000302877,300272,
30026900007353,843,,API,10000302872,300269,
300065200007065,7163,,API,1000030078M,300065,
156782000014648,8315,Beta Systems PLC,API,1000021870,15678,
151272000014027,9725,Bezawit Mulugeta VAS ,API,1000020334,15127,
30019400007238,NA,Chartered Advisory Service PLC,API,NA,NA,
30019600007240,NA,Chartered Advisory Service PLC,API,NA,NA,
3000222000007020,8415,Hirenboot Computer import plc,API,1000030035,300022,
152432000014172,9861,Itex Technology consulting PLC,API,1000020642,15243,
30026200007338,6313,Kalem Trading PLC,API,10000302857,300262,
30026200007339,6313,Kalem Trading PLC,API,10000302858,300262,
30012500007140,9155,KURAZ TECHNOLOGIES PLC,API,1000030161,300137,
151092000014023,9667,Mekonnen Mulugeta VAS,API,1000020329,15109,
155752000014470,9329,MIND SET SHORT MASAGE SERVICE,API,1000021543,15575,
300088200007088,8349,MULUGETA ABERA,API,1000030102,300088,
136912000012413,7977,Royd Technology PLC,API,1000018595,13691,
136732000012909,6699,Shalkatraz Engineering PLC,API,1000018803,13673,
30023800007287,NA,SkyKin Technologies  plc ,API,NA,NA,
151222000014029,9659,Tinsae Mulugeta VAS ,API,1000020339,15122,
57152000003854,8161,MEKEDONIA HOME FOR THE ELDERY AND THE MENTALLY DISABLE,MT,1000009387,5715,
0134232000011026,7564,YOSEF ABERA ESHETE,MT,NA,NA,
0104952000005109,6764,ELPID TRADING PLC,MT,NA,NA,
0150142000013949,9400,ETHIOPIAN RED CROSS SOCIETY,MT,NA,NA,
0152442000014123,6710,CHILDREN S HEART FUND ETH . .,MT,NA,NA,
0066042000003776,8596,NANA SERVICES PLC,MT,NA,NA,
0059112000003522,8496,NANA SERVICES PLC,MT,NA,NA,
0100322000004412,8799,Ameha Wehibe Ict Service Co.,MT,NA,NA,
0130152000009606,7122,AL HABESHA MEDIA & COMMUNICATION PLC,MT,NA,NA,
0106052000005133,6832/6831,TIGRAY DEVELOPMENT ASSOCI,MT,NA,NA,
0154142000014296,9923,MUDAYE BEGO ADRAGOT MAHIBER,MT,NA,NA,
0152542000014130,9600,MARY JOY DEVELOPMENT ASSOCIATION,MT,NA,NA,
0150022000013937,9565,YEETHIOPIA CANCER ASSOCIATION . .,MT,NA,NA,
0100042000004311,8571,APLUS TELECOM SERVICE PLC,MT,NA,NA,
0101122000004631,6569,AMAN WASSIE ABDE,MT,NA,NA,
0046022000003040,8306,SALIM AWOD VALUE ADDED SERVICES,MT,NA,NA,
0132152000010007,7379,ELMAR TECHNOLOGY PLC,MT,NA,NA,
0132622000012969,7335,Babul Kheyer Yebego Adiragote Dirijit,MT,NA,NA,
0087062000004120,8597,Ethio Digital vas Solution,MT,NA,NA,
0092002000004174,8320,VASMAS TRADING PLC,MT,NA,NA,
0150582000013966,9616,NIA FOUNDATION,MT,NA,NA,
0100632000004478,6615/6617,MOHAMMED A ABDULRAHMAN,MT,NA,NA,
0128432000009047,6833,BILALUL HABESHI COM,MT,NA,NA,
0126952000008428,6860,GERGESENON YEAYMERO HEMUMAN MERJA MAHIBER YEAYMERO HEMUMAN MERJA MAHIBER,MT,NA,NA,
0100352000004431,6049,WALEED A ABDULARAHAMAN,MT,NA,NA,
0104062000005062,6817,MOHAMMED ABDO NAJI,MT,NA,NA,
0129262000009408,6691,FIKRIE GEBEW TELECOMMUNICATION VAT,MT,NA,NA,
0046022000002999,8863,SALIM AWOD VALUE ADDED SERVICES,MO,NA,NA,
0106432000005204,6901,Awad Salim Awade,MT,NA,NA,
0155482000014445,9938,SHEK ADEM TULA FOUNDATION,MT,NA,NA,
0100052000004314,8930,ZEMENU TAREKEGN BITAW,MT,NA,NA,
0136332000012267,7831/7040,IMAN ISLAMIC ASSOCIATION,MT,NA,NA,
30020000007234,8925,Abebech Gobena,MT,1000030272,300200,
0104642000005055,6341,EKO PLUS IT TECHNOLOGY PLC,MT,NA,NA,
0145522000012977,7500,AWOLIA RELIEF AND DEVELOPMENT ORGANIZITION,MT,NA,NA,
0154372000014342,9827/7855,HACALU HUNDESSA FOUNDATION,MT,NA,NA,
0096002000004237,8185,Ri Com Value Add and Telecommunication Materials service,MT,NA,NA,
0152052000014090,9757,YESIR LENA CHARITY ORGANIZATION(YCO),MT,NA,NA,
0104642000005053,6329,ECO PLUS IT TECHNOLOGY PLC,MT,NA,NA,
0100572000004465,6489,BERIHUNE GEZAHEGN TELAHUN,MT,NA,NA,
30025600007320,6368,WOLAITTA DEVELOPMENT ASSOCIATION,MO,NA,NA,
0134822000011428,7514,Circles Technologies PLC,MT,NA,NA,
0136722000012336,7930,MEDON IT SOLUTION PLC,MT,NA,NA,
0134432000011165,7168,MELU SERVICES P.L.C,MT,NA,NA,
30020300007237,8208/8183,Kalen Benalafle 1,MO,40001007,300203,
30018200007227,6001,MASTER ABINET KEBEDE FOUNDATION,MT,1000030254,300182,
0100562000004469,8862,HIKMA ELECTRONICS PLC,MT,NA,NA,
0128172000008808,6661,EKO PLUS IT TECHNOLOGY PLC,MT,NA,NA,
0136272000012246,7566,Kutako Solutions,MT,NA,NA,
30013400007188,6265,ENAT BANK S.C.,MT,1000030215,300154,
300209200007241,6650,EOTC Child and family affairs organization,MT,10000302759,300208,
0128192000008804,6375,BLUE LINE  IT SOLUTION PLC,MT,NA,NA,
0101022000004568,6616,H.P.N.R.S BEZUHANE MEGENAGNA HARAR,MT,NA,NA,
0121292000006470,6400,City Governement of Addis Ababa City Administration,MT,NA,NA,
0104042000005429,6614,COMTEL TRADING PLC,MT,NA,NA,
0042622000002745,8338,APPOSIT TECHNOLOGY SOLUTIONS PLC,MO,NA,NA,
30022700007274,6802,Gurage lemat,MT,10000302792,300227,
0145362000012947,9282,MEMBER MULTIMIDIA PRODACTION PLC,MO,NA,NA,
30024200007300,8104,HELLO DELALA COMMISION SERVICE PLC,MO,NA,NA,
30023400007284,8717,URA TECHNOLOGIES PLC,MO,NA,NA,
30025600007324,6368,WOLAITTA DEVELOPMENT ASSOCIATION,MO,NA,NA,
0128182000008810,6866,SPEED TECH IT TECHNOLOGY PLC,MT,NA,NA,
0153342000014178,9665,TRAD ETHIOPIA COMMISSIONING,MO,NA,NA,
0042462000002819,8444,WALTA MEDIA & COMMUNICATION CORPORATE S.C,MO,NA,NA,
0136752000012342,8420,BELCASH TECHNOLOGY SOLUTIONS PLC,MO,NA,NA,
30025100007313,8960,Alicom Trading plc,MO,NA,NA,
0042682000002758,8018,ECOM TECHNOLOGIES PLC,MO,NA,NA,
0042642000004054,8539,BELCASH TECHNOLOGY SOLUTION PLC,MO,NA,NA,
30024000007291,9541,ADDIS MUSIC MULTI MEDIA PLC,MO,NA,NA,
0121152000006408,8466,HIKMA ELECTRONICS PLC,MO,NA,NA,
0135202000011668,8649,HIKMA ELECTRONICS PLC,MO,NA,NA,
0059352000003569,8970,WALTA MEDIA & COMMUNICATION CORPORATE S.C,MO,NA,NA,
0134802000011405,6841,TILTEK TECHNOLOGY PLC.,MO,NA,NA,
0151782000014061,9877,ANDEGNA ECOMMERCE AND TRADING PLC,MO,NA,NA,
0145102000012889,7544,BALAGERU MULTIMEDIA CENTER SC,MO,NA,NA,
0129232000009403,7049,AGE ENGINEERING PLC,MT,NA,NA,
0134622000011287,7644,CORE ENGINEERING TECHNOLOGY P.L.C.,MT,NA,NA,
0157592000014811,8614,PRIME COM TECHNOLOGIES PLC,MO,NA,NA,
30026700007345,6747,MoWSA,MO,NA,NA,
30027100007356,6847,SIDAMA NATIONAL REGIONAL STATE HAWASSA CITY ADMINISTRATION,MO,NA,NA,
2518222,2518222,FANA BROADCASTING CORPORATE S.C,MO,NA,NA,
2518330,2518330,OROMIA BROADCASTING NETWORK,MO,NA,NA,
251636,251636,Technolab Interactive PLC,MO,NA,NA,
251129,251129,Modertech Telecom VAS PLC,MO,NA,NA,
2517276,2517276,OROMIA BROADCASTING NETWORK,MO,NA,NA,
251854,251854,Go digital Service ,MO,NA,NA,
2517696,2517696,Silver Spring,MO,NA,NA,
2518331,2518331,OROMIA BROADCASTING NETWORK,MO,NA,NA,
251801,251801,ETHIOPIAN BROADCASTING CORPORATION,MO,NA,NA,
2518841,2518841,NATIONAL MEDIA SHARE COMPANY,MO,NA,NA,
251831,251831,Nano Technologies PLC,MO,NA,NA,
251800,251800,ETHIOPIAN BROADCASTING CORPORATION,MO,NA,NA,
2518288,2518288,Addis Media Network,MO,NA,NA,
2519355,2519355,Abbay Media,MO,NA,NA,
2518101,2518101,ADEY TINSAE MEDIA AND ENTERTAINMENT PLC . .,MO,NA,NA,
2516979,2516979,OYAYA MULTI MEDIA PLC,MO,NA,NA,
251642,251642,Modertech Telecom VAS PLC,MO,NA,NA,
251934,251934,ETHIOPIAN COMMODITY EXCHANGE,MO,NA,NA,
2518600,2518600,ETHIOPIAN BROADCASTING CORPORATION,MO,NA,NA,
2519760,2519760,Two F Capital PLC,MO,NA,NA,
2518123,2518123,AFALAGI TRADING P.L.C,Voice-Premium,NA,NA,
251929,251929,ETHIOPIAN COMMODITY EXCHANGE,Voice-Premium,NA,NA,
2518184,2518184,E T S CALL CENTER,Voice-Premium,NA,NA,
2518131,2518131,MEKEDONIA HOME FOR THE ELDERY AND THE MENTALLY DISABLE,Voice-Premium,NA,NA,
2519596,2519596,Serdo .Com Online Market plc,Voice-Premium,NA,NA,
2518885,2518885,ET INCLUSIVE FINANCE TECH S.C,Voice-Premium,NA,NA,
2516636,2516636,MEDANIT MEDICAL SEARCH ENGINE,Voice-Premium,NA,NA,
2516781,2516781,NEXOVATE TRADING PLC,Voice-Premium,NA,NA,
2519394,2519394,WECARE INTEGRATED HEALTH NETWORK,Voice-Premium,NA,NA,
2518035,2518035,TEBITA AMBULANCE PRE-HOSPITAL EMERGENCY MEDICAL SERVICE PLC,Voice-Premium,NA,NA,
2518510,2518510,Techno Trends it solution plc,Voice-Premium,NA,NA,
2517755,2517755,LIYANA DIGITAL HEALTH CARE,Voice-Premium,NA,NA,
2518234,2518234,MALI BABA / Kelemua Ayalkebet Mekash,Voice-Premium,NA,NA,
2519665,2519665,TRAD ETHIOPIA COMMISSIONING,Voice-Premium,NA,NA,
2516558,2516558,OSCAR PROMOTION PLC,Voice-Premium,NA,NA,
2516967,2516967,VIVAMED PHARMA IMPORT & EXPORT,Voice-Premium,NA,NA,
2518293,2518293,MEBRAHTOM DANIAL AND FRINDES PRINTING AND ADVERTIZING WORK PARTNERSHIP,Voice-Premium,NA,NA,
2519780,2519780,MIRAKA MOTOR,Voice-Premium,NA,NA,
2518104,2518104,HELLO DELALA COMMISION SERVICE PLC,Voice-Premium,NA,NA,
2516949,2516949,MSS PLC,Voice-Premium,NA,NA,
2518409,2518409,SURE TRADING PLC,Voice-Premium,NA,NA,
2516804,2516804,AWASH FM 90.7,Voice-Premium,NA,NA,
2516561,2516561,GOLLEYE PRIVATE LIMITED COMPANY,Voice-Premium,NA,NA,
2519332,2519332,Hashim Consultancy and Training,Voice-Premium,NA,NA,
2519877,2519877,ANDEGNA ECOMMERCE AND TRADING PLC,Voice-Premium,NA,NA,
2518023,2518023,INNOVATION VENTURES PLC,Voice-Premium,NA,NA,
2517545,2517545,ED STELAR PLC,Voice-Premium,NA,NA,
601524,601524,Hikmaplc,CRBT,NA,NA,
601897,601897,Rahel Hail,CRBT,NA,NA,
601513,601513,Egresse,CRBT,NA,NA,
601654,601654,Sami Zenebe Mulate,CRBT,NA,NA,
601647,601647,Bright Family,CRBT,NA,NA,
601700,601700,Raya Jemal Haji,CRBT,NA,NA,
601788,601788,THE CHOSEN TELECOMUNICATION VALUE ADDED SERVICE,CRBT,NA,NA,
601703,601703,SEADA TAHIR AHMED,CRBT,NA,NA,
601587,601587,Ketim Desalegn Benti,CRBT,NA,NA,
601521,601521,Maya press work film production Advertising PLC,CRBT,NA,NA,
601516,601516,MD VAS Company,CRBT,NA,NA,
601747,601747,EGOL TRADINFG PLC,CRBT,NA,NA,
601997,601997,Anwar Temam Aragaw,CRBT,NA,NA,
601645,601645,NANSI VAS TECHNOLOGIES,CRBT,NA,NA,
601563,601563,Sebsebe Abebe,CRBT,NA,NA,
601633,601633,Tazima Entertainment PLC,CRBT,NA,NA,
601766,601766,Geleta Tahir Ahmed,CRBT,NA,NA,
601545,601545,DAYNAMIC DIGITAL TECHINOLOGY PLC,CRBT,NA,NA,
601725,601725,OnPoint General Trading,CRBT,NA,NA,
601995,601995,Africana Trading PLC,CRBT,NA,NA,
601613,601613,Betelehem Fasil,CRBT,NA,NA,
601789,601789,Salim Awod,CRBT,NA,NA,
601963,601963,QUALI BER ENTERTAIMENT PLC,CRBT,NA,NA,
601724,601724,HUMBLE MUSIC PRODUCTION,CRBT,NA,NA,
601902,601902,BIRA MULATU TESSEMA,CRBT,NA,NA,
601770,601770,SHALOM TELECOM ENGINEERING,CRBT,NA,NA,
601608,601608,Starlight Trade,CRBT,NA,NA,
601970,601970,Skynet Online General trading PLC,CRBT,NA,NA,
601707,601707,MULETA HUSEN Telecommunication Value Added Service,CRBT,NA,NA,
601610,601610,Enlight,CRBT,NA,NA,
601554,601554,National Entertainment,CRBT,NA,NA,
601944,601944,Abdurahman hussen abdella,CRBT,NA,NA,
601820,601820,PRIME COM TECHNOLOGIES PLC,CRBT,NA,NA,
601801,601801,Nezifa Abdurezaq,CRBT,NA,NA,
601797,601797,Abyssinia Telecommunication VAS,CRBT,NA,NA,
601523,601523,Elora Trading PLC,CRBT,NA,NA,
601663,601663,IYASU NIGATU GONFA TELECOMMUNICATION VALUE ADDED SERVICE,CRBT,NA,NA,
601864,601864,Zarihun Seyifu Balcha,CRBT,NA,NA,
601787,601787,Million Bikole Negasa,CRBT,NA,NA,
601612,601612,Getaneh asefa,CRBT,NA,NA,
601785,601785,HIWOT TIZAZU TILAHUN,CRBT,NA,NA,
601599,601599,Had Mela Tech Vas,CRBT,NA,NA,
601973,601973,Gemechis Almadi Wadajo,CRBT,NA,NA,
601603,601603,ElsabetTefaye,CRBT,NA,NA,
601672,601672,Tigist Gizaw,CRBT,NA,NA,
601932,601932,KOKET VAS TRADING PLC,CRBT,NA,NA,
601666,601666,Alphanet Solution PLC,CRBT,NA,NA,
601840,601840,Linkedu,CRBT,NA,NA,
601748,601748,Jengo Entertainment Plc,CRBT,NA,NA,
601940,601940,Raji Abdisa Wolde,CRBT,NA,NA,
601623,601623,HULE ADDIS VAS,CRBT,NA,NA,
601992,601992,HABTAMU BEKELE VAS,CRBT,NA,NA,
601508,601508,Mergitu Belina,CRBT,NA,NA,
601669,601669,GEMECHIS TOLESA TELECOMMUNICATION VALUE ADDED SERVICE,CRBT,NA,NA,
601715,601715,REFISA DEREJE FEYISA VALUE ADDED SERVICE,CRBT,NA,NA,
601632,601632,BLEH ENTERTAINMENT PLC,CRBT,NA,NA,
601543,601543,TOLA ZELEKE WODAJO,CRBT,NA,NA,
601544,601544,HG Entertainment,CRBT,NA,NA,
601646,601646,WINNER VAS TECHNOLOGY,CRBT,NA,NA,
601871,601871,Ayantu Asfaw,CRBT,NA,NA,
601639,601639,Betelehem Yosef Hailu,CRBT,NA,NA,
601560,601560,Fanose Dejene VAS,CRBT,NA,NA,
601687,601687,Diro Kebebe Bedushe,CRBT,NA,NA,
601860,601860,Washera Entertainment PLC,CRBT,NA,NA,
601588,601588,Solomon Begna Dhunfa,CRBT,NA,NA,
601679,601679,Habtamu Asefa Gashawu,CRBT,NA,NA,
601755,601755,Haregwoyenie Zemedkun Foreketa,CRBT,NA,NA,
601882,601882,Burtukan Gelana Ergosa,CRBT,NA,NA,
601555,601555,21 Records,CRBT,NA,NA,
601773,601773,DURSA ENTERTAINMENT PLC,CRBT,NA,NA,
601717,601717,Elroi Solutions Telecommunication,CRBT,NA,NA,
601566,601566,URGECHA BEDADA DEBELE,CRBT,NA,NA,
601876,601876,Ahmednejash Mohammed Ibrahim,CRBT,NA,NA,
601906,601906,Yh Entertainment,CRBT,NA,NA,
601781,601781,Kaku Zerihun,CRBT,NA,NA,
601972,601972,Abduselam Abdula Shankle,CRBT,NA,NA,
601504,601504,Bilisuma Oneta Gurum,CRBT,NA,NA,
601701,601701,ABAYU ZEWDE NEGASH,CRBT,NA,NA,
601652,601652,TEC CRBT PLC,CRBT,NA,NA,
601743,601743,Segni Bekele Homa,CRBT,NA,NA,
601964,601964,Adey Tesfaye Gebremichael,CRBT,NA,NA,
601977,601977,zuzi PLC,CRBT,NA,NA,
601658,601658,Negarit Multimedia,CRBT,NA,NA,
601690,601690,The Future of the Generation,CRBT,NA,NA,
601877,601877,Fasika Tadesse Bogale,CRBT,NA,NA,
601533,601533,SORARDI PLC,CRBT,NA,NA,
601981,601981,Luban Trading plc,CRBT,NA,NA,
601728,601728,MELODY VALUE ADDED SERVICE,CRBT,NA,NA,
601559,601559,Girmachew Wudu Muchie,CRBT,NA,NA,
601993,601993,Awod Salem,CRBT,NA,NA,
601791,601791,MT Production plc,CRBT,NA,NA,
601952,601952,Dawit Mitiku Debela,CRBT,NA,NA,
601680,601680,Urji Teshome,CRBT,NA,NA,
601511,601511,Ketoran Tasfaye,CRBT,NA,NA,
601644,601644,Abem Tech Ict Plc,CRBT,NA,NA,
601729,601729,BEKUREAMANUEL YEMANE MENGESHA,CRBT,NA,NA,
601732,601732,Smart Media PLC,CRBT,NA,NA,
601933,601933,Endris Mohammed Hussen,CRBT,NA,NA,
601887,601887,SURA ASEFA,CRBT,NA,NA,
601802,601802,Tekle Tesfaye VAS,CRBT,NA,NA,
601702,601702,Kingtel Import telecommunication Equipment,CRBT,NA,NA,
601812,601812,Sena Kenea Dinka,CRBT,NA,NA,
601550,601550,Saleh Awadh Nasser,CRBT,NA,NA,
601720,601720,Zobil Telecommunication VAS,CRBT,NA,NA,
601510,601510,Weserve,CRBT,NA,NA,
601685,601685,Sidona Telecommunication VAS,CRBT,NA,NA,
601843,601843,Hawi Getahun Mulisa,CRBT,NA,NA,
601678,601678,Tesfalem Tilahun Alemu,CRBT,NA,NA,
601739,601739,Bluegrass Entertainment,CRBT,NA,NA,
601526,601526,Mulugeta Terefe Gurmessa,CRBT,NA,NA,
601742,601742,Mohammed Abdo,CRBT,NA,NA,
601862,601862,Obsa Wakweya,CRBT,NA,NA,
601751,601751,Orbit Consultance plc,CRBT,NA,NA,
601655,601655,Etika Teferi,CRBT,NA,NA,
601605,601605,OK VAS,CRBT,NA,NA,
601931,601931,Ayantu Aschenaki Bahiru,CRBT,NA,NA,
601874,601874,ALKE BULAN TRADING ONE MEMBER PLC,CRBT,NA,NA,
601744,601744,Mak Records,CRBT,NA,NA,
601693,601693,Dita Argo Gudeta,CRBT,NA,NA,
601704,601704,Eko plus IT solution PLC,CRBT,NA,NA,
601974,601974,GADISE EBISA GUYASA TELECOMMUNICATION VAS,CRBT,NA,NA,
601769,601769,Nuwalif Technology,CRBT,NA,NA,
601775,601775,Yesiak Banjaw Belayneh,CRBT,NA,NA,
601799,601799,NEIMALAH AMDE YIMAM,CRBT,NA,NA,
601556,601556,Fraol Tesfaye Wakjira Vas,CRBT,NA,NA,
601771,601771,Flora IT Solution Plc,CRBT,NA,NA,
601733,601733,TEA MEDIA AND EVENTS,CRBT,NA,NA,
601539,601539,Michu plc,CRBT,NA,NA,
601976,601976,Ali Vas,CRBT,NA,NA,
601741,601741,Vision ENT Entertainment PLC,CRBT,NA,NA,
601731,601731,Shigute Dabeta Geleta,CRBT,NA,NA,
601698,601698,Tolawak Dugusa,CRBT,NA,NA,
601697,601697,Go Tech technology,CRBT,NA,NA,
601734,601734,Temkin Entertainment Telecommunication VAS,CRBT,NA,NA,
601722,601722,Neew ict and Event Organizer plc,CRBT,NA,NA,
601650,601650,Yessuneh Dafo Aman,CRBT,NA,NA,
601719,601719,A3 Value Added Services Plc,CRBT,NA,NA,
601716,601716,Ismael Emam Usman,CRBT,NA,NA,
601985,601985,Top Entertainment PLC,CRBT,NA,NA,
601888,601888,Elpida trading plc,CRBT,NA,NA,
601892,601892,Vas Mas Trading PLC,CRBT,NA,NA,
601880,601880,Yosan Getahun Likisa,CRBT,NA,NA,
601688,601688,Aknaw Dima Yadeta,CRBT,NA,NA,
601620,601620,Gizaw Merga,CRBT,NA,NA,
601721,601721,ODAA Technologies Solution Plc,CRBT,NA,NA,
601577,601577,A T M ENGINEERING PLC,CRBT,NA,NA,
601689,601689,Fenta Wechefo Mengestu,CRBT,NA,NA,
601796,601796,Yishak Kebede,CRBT,NA,NA,
601621,601621,SHASHA ENTERTAINMENT,CRBT,NA,NA,
601821,601821,Gadise Tariku,CRBT,NA,NA,
601878,601878,KUTAKO SOLUTIONS,CRBT,NA,NA,
601691,601691,Waleed a abdulrahamn,CRBT,NA,NA,
601677,601677,Ebise Darge Telecommunication Value Added Service,CRBT,NA,NA,
601579,601579,Bushra Ahmed,CRBT,NA,NA,
601990,601990,Hope entertainment plc,CRBT,NA,NA,
601779,601779,RASE GENERAL TRADING PLC,CRBT,NA,NA,
601987,601987,Eyob busa,CRBT,NA,NA,
601929,601929,Zelalem Ayalew Nigusse,CRBT,NA,NA,
601780,601780,ADONAY INTERNET SOLUTION PLC,CRBT,NA,NA,
601565,601565,Keol Negesa Melka,CRBT,NA,NA,
601505,601505,Bisrat Surefel Abebe,CRBT,NA,NA,
601619,601619,Mohammed a abdulrahaman,CRBT,NA,NA,
601746,601746,Oromia investment group one member PLC,CRBT,NA,NA,
601800,601800,Yuniversal Marketing plc,CRBT,NA,NA,
601738,601738,Shakura VAS PLC,CRBT,NA,NA,
601768,601768,Kasma General Contractor,CRBT,NA,NA,
601745,601745,Kegna Techno Value Added Service work plc,CRBT,NA,NA,
601740,601740,KAKU STUDIO PLC,CRBT,NA,NA,
601723,601723,HANAZI STUDIO,CRBT,NA,NA,
601547,601547,ET Production plc,CRBT,NA,NA,
601710,601710,Everest Consultancy plc,CRBT,NA,NA,
601708,601708,MYROCK TECHNOLOGY SERVICE,CRBT,NA,NA,
601764,601764,Pula Holdings Trading One Member plc,CRBT,NA,NA,
601980,601980,ECHO ETHIOPIA SOLUTION PLC,CRBT,NA,NA,
601509,601509,Shewa Kena Benti,CRBT,NA,NA,
601727,601727,HARMONY MULTIMEDIA ONE MEMBER PLC,CRBT,NA,NA,
601790,601790,Eristie Atinaf Asres,CRBT,NA,NA,
601989,601989,Feliz VAS,CRBT,NA,NA,
601810,601810,ZEMAMNESH AYALEW KASSA,CRBT,NA,NA,
601520,601520,GHG Trading Plc,CRBT,NA,NA,
601530,601530,MIIRA DIGITAL TECH PLC,CRBT,NA,NA,
601982,601982,Brote Tich Trading plc,CRBT,NA,NA,
601667,601667,Addisu Wayma Hunde,CRBT,NA,NA,
601951,601951,Seada Ali Hassen,CRBT,NA,NA,
601712,601712,Efa Desisa Olika,CRBT,NA,NA,
601594,601594,May Technology Plc,CRBT,NA,NA,
601737,601737,Amuni Trading PLC,CRBT,NA,NA,
601538,601538,OFKE Solution plc,CRBT,NA,NA,
601758,601758,GTECH TECHNOLOGIES PLC,CRBT,NA,NA,
601749,601749,Kallah Trading Private Limited Company,CRBT,NA,NA,
601713,601713,BINAS Telecommunication VAS,CRBT,NA,NA,
601809,601809,TWO F CAPITAL PLC,CRBT,NA,NA,
601531,601531,CHELKBA BEDADA KORICHO,CRBT,NA,NA,
601885,601885,Elu Star Trading PLC,CRBT,NA,NA,
601601,601601,Credocks,CRBT,NA,NA,
601535,601535,BIRHANU MERGA MULETA,CRBT,NA,NA,
601536,601536,GENTLE TELECOMMUNICATION VALUE ADDED SERVICE WORK PLC,CRBT,NA,NA,
601899,601899,Qalbii software techologies,CRBT,NA,NA,
601537,601537,Wishwell Corporation Plc,CRBT,NA,NA,
601777,601777,Natnael,CRBT,NA,NA,
601896,601896,MMRYICT PLC,CRBT,NA,NA,
601946,601946,Thabet Technologies,CRBT,NA,NA,
601503,601503,METI FEYE TOLA TELECOMMUNICATION VAS,CRBT,NA,NA,
601705,601705,HEAVENS ECHO SCHOOL OF MUSIC PLC,CRBT,NA,NA,
601927,601927,Kezira Technology plc,CRBT,NA,NA,
601869,601869,ITex Technology plc,CRBT,NA,NA,
601604,601604,Smart Technology PLC,CRBT,NA,NA,
601558,601558,Zeab Spiritual Shop PLC,CRBT,NA,NA,
601540,601540,Mahi Entertainment,CRBT,NA,NA,
601567,601567,Michu Entertainment Studio,CRBT,NA,NA,
601569,601569,Hermony Music Studio PLC,CRBT,NA,NA,
601557,601557,Gutu Studio,CRBT,NA,NA,
601551,601551,Firomi Telecommunication VAS Work PLC,CRBT,NA,NA,
601548,601548,Comfort Studio,CRBT,NA,NA,
605,605,National Lottery (Admas),MO,NA,NA,
40000000000002,6068,Nafi IT solution,IVR,NA,NA,
40000000000003,6068,Nafi IT solution,IVR,NA,NA,
40000000000004,6068,Nafi IT solution,IVR,NA,NA,
40000000000005,6068,Nafi IT solution,IVR,NA,NA,
40000000000006,6068,Nafi IT solution,IVR,NA,NA,
40000000000007,6068,Nafi IT solution,IVR,NA,NA,
40000000000008,6068,Nafi IT solution,IVR,NA,NA,
40000000000009,6068,Nafi IT solution,IVR,NA,NA,
40000000000010,6068,Nafi IT solution,IVR,NA,NA,
40000000000015,6266,Innovii Digital Service ,IVR,NA,NA,
40000000000016,6266,Innovii Digital Service ,IVR,NA,NA,
40000000000017,6266,Innovii Digital Service ,IVR,NA,NA,
40000000000018,6266,Innovii Digital Service ,IVR,NA,NA,
40000000000019,6266,Innovii Digital Service ,IVR,NA,NA,
40000000000020,6266,Innovii Digital Service,IVR,NA,NA,
40000000000021,6266,Innovii Digital Service ,IVR,NA,NA,
40000000000022,6266,Innovii Digital Service,IVR,NA,NA,
40000000000023,6266,Innovii Digital Service ,IVR,NA,NA,
40000000000024,6071,DS Media ,IVR,NA,NA,
40000000000025,6071,DS Media ,IVR,NA,NA,
40000000000026,6071,DS Media,IVR,NA,NA,
40000000000027,6071,DS Media,IVR,NA,NA,
40000000000028,6071,DS Media,IVR,NA,NA,
40000000000029,6071,DS Media,IVR,NA,NA,
40000000000030,6071,DS Media,IVR,NA,NA,
40000000000031,6071,DS Media,IVR,NA,NA,
40000000000032,6071,DS Media,IVR,NA,NA,
40000000000033,8645,Modern Key ICT Solution  PLC,IVR,NA,NA,
40000000000034,8645,Modern Key ICT Solution  PLC,IVR,NA,NA,
40000000000035,8645,Modern Key ICT Solution  PLC,IVR,NA,NA,
40000000000036,8645,Modern Key ICT Solution  PLC,IVR,NA,NA,
40000000000037,8645,Modern Key ICT Solution  PLC,IVR,NA,NA,
40000000000038,8645,Modern Key ICT Solution  PLC,IVR,NA,NA,
