row_id,period,import_title,service_id,partner_name,amount,revenue_partner_id
3267,"April 2026","MT/ Mobile terminated Premium — April 2026 (Excel seed)",0042462000002819,"WALTA MEDIA & COMMUNICATION CORPORATE S.C",54.0270,1950
3276,"April 2026","MT/ Mobile terminated Premium — April 2026 (Excel seed)",0059352000003569,"WALTA MEDIA & COMMUNICATION CORPORATE S.C",10.0000,1958
3252,"April 2026","MT/ Mobile terminated Premium — April 2026 (Excel seed)",0101022000004568,"H.P.N.R.S BEZUHANE MEGENAGNA HARAR",461.2305,1940
3246,"April 2026","MT/ Mobile terminated Premium — April 2026 (Excel seed)",0136272000012246,"Kutako Solutions",2703.8512,1936
3280,"April 2026","MT/ Mobile terminated Premium — April 2026 (Excel seed)",0145102000012889,"BALAGERU MULTIMEDIA CENTER SC",2.5000,1961
3278,"April 2026","MT/ Mobile terminated Premium — April 2026 (Excel seed)",0151782000014061,"ANDEGNA ECOMMERCE AND TRADING PLC",6.0000,1960
3250,"April 2026","MT/ Mobile terminated Premium — April 2026 (Excel seed)",0157862000014885,"OROMIA BROTHERS AND SISTERS UNITY CHARITY ORGANIZATION",1424.5119,
3156,"April 2026","API — April 2026 (Excel seed)",150392000013958,"MINISTRY OF EDUCATION1",46.0095,1844
2974,"April 2026","API — April 2026 (Excel seed)",156692000014719,"Marame Amante VAS",100642.3960,1716
3182,"April 2026","MO(Mobile Originating) — April 2026 (Excel seed)",2516321,"One Love Broadcasting",3423.7680,2287
3185,"April 2026","MO(Mobile Originating) — April 2026 (Excel seed)",2518101,"ADEY TINSAE MEDIA AND ENTERTAINMENT PLC . .",1771.2000,1981
3183,"April 2026","MO(Mobile Originating) — April 2026 (Excel seed)",2518288,"Addis Media Network",2290.9140,1979
3186,"April 2026","MO(Mobile Originating) — April 2026 (Excel seed)",2518545,"SELAM MULTI MEDIA PLC",955.2480,
3189,"April 2026","MO(Mobile Originating) — April 2026 (Excel seed)",2519635,"ADAMA TOWN ADMINSTRATION",52.2000,
3160,"April 2026","API — April 2026 (Excel seed)",300065200007065,"Revenue partner 300065200007065",4.5023,1876
3141,"April 2026","API — April 2026 (Excel seed)",30019300007237,"Lekene One Member PLC",87.3437,1836
3279,"April 2026","MT/ Mobile terminated Premium — April 2026 (Excel seed)",30021800007270,"Hidassie Gidib",5.0000,
3259,"April 2026","MT/ Mobile terminated Premium — April 2026 (Excel seed)",30021800007270,"Hidassie Gidib",459.9655,
3164,"April 2026","API — April 2026 (Excel seed)",30024300007316,"Partner 30024300007316",335.0191,
3157,"April 2026","API — April 2026 (Excel seed)",30024700007308,RIMARTSCHOOL.COM,15.3077,1856
3167,"April 2026","API — April 2026 (Excel seed)",30025200007314,"AHT NET & ICT Solutions PLC",3.6018,1797
3170,"April 2026","API — April 2026 (Excel seed)",TOTAL,"Partner TOTAL",66130488.4853,
2457,"August 2024","MT/ Mobile terminated Premium — August 2024 (Excel seed)",0042462000002819,"WALTA MEDIA & COMMUNICATION CORPORATE S.C",167.0850,1950
2450,"August 2024","MT/ Mobile terminated Premium — August 2024 (Excel seed)",0048072000003051,"HABESHA WEEKLY PROMOTION PLC",461.2300,
2469,"August 2024","MT/ Mobile terminated Premium — August 2024 (Excel seed)",0059352000003569,"WALTA MEDIA & COMMUNICATION CORPORATE S.C",865.0150,1958
2412,"August 2024","MT/ Mobile terminated Premium — August 2024 (Excel seed)",0101022000004568,"H.P.N.R.S BEZUHANE MEGENAGNA HARAR",314.1550,1940
2495,"August 2024","MT/ Mobile terminated Premium — August 2024 (Excel seed)",0127012000008488,"MEKEDONIA HOME FOR THE ELDERY AND THE MENTALLY DISABLE",24.0000,
2440,"August 2024","MT/ Mobile terminated Premium — August 2024 (Excel seed)",0136272000012246,"Kutako Solutions",4738.8700,1936
2429,"August 2024","MT/ Mobile terminated Premium — August 2024 (Excel seed)",0143032000012494,"NEJASH CHARITABLE ORGANIZATION",18316.0530,
2437,"August 2024","MT/ Mobile terminated Premium — August 2024 (Excel seed)",0145102000012889,"BALAGERU MULTIMEDIA CENTER SC",7.5000,1961
2447,"August 2024","MT/ Mobile terminated Premium — August 2024 (Excel seed)",0148882000013628,"BONTY IT TECH PLC",40024.5000,
2486,"August 2024","MT/ Mobile terminated Premium — August 2024 (Excel seed)",0151782000014061,"ANDEGNA ECOMMERCE AND TRADING PLC",10.5000,1960
2397,"August 2024","MT/ Mobile terminated Premium — August 2024 (Excel seed)",0157862000014885,"OROMIA BROTHERS AND SISTERS UNITY CHARITY ORGANIZATION",6633.6210,
2782,"August 2024","Voice Premium — August 2024 (Excel seed)",2516071,"DS MEDIA",2505.8530,
2840,"August 2024","Voice Premium — August 2024 (Excel seed)",2516124,"TRANSSION MANUFACTURING PLC",1.4000,
2784,"August 2024","Voice Premium — August 2024 (Excel seed)",2516229,"ABH M 2000 COMMISSION AGENT AND ADVERTISEMENT",81.2420,
2785,"August 2024","Voice Premium — August 2024 (Excel seed)",2516251,"OMERICON ELECTRICAL AND IT SOLUTION",2124.8640,
2837,"August 2024","Voice Premium — August 2024 (Excel seed)",2516583,"HORIZON EXPRESS SERVICE PLC",15.4070,
2841,"August 2024","Voice Premium — August 2024 (Excel seed)",2516656,"YIDNEKACHEW NEGALIGN CALL CENTER SERVICES",26.6140,
2787,"August 2024","Voice Premium — August 2024 (Excel seed)",2516804,"AWASH FM 90.7",14.7070,2008
2788,"August 2024","Voice Premium — August 2024 (Excel seed)",2516810,"HELLO FAST MEREJA PLC",2081.4360,
2842,"August 2024","Voice Premium — August 2024 (Excel seed)",2517429,"TSA VISA TOUR AND TRAVEL PLC",285.7400,
2792,"August 2024","Voice Premium — August 2024 (Excel seed)",2517617,"ROYD TECHS IT & COMMUNICATION",2284.3240,
2794,"August 2024","Voice Premium — August 2024 (Excel seed)",2517797,"DROGA CONSULTI",2098.2500,
2833,"August 2024","Voice Premium — August 2024 (Excel seed)",2517823,"JOB CENTER",142.8700,
2795,"August 2024","Voice Premium — August 2024 (Excel seed)",2517877,"CELAVIE CHICKEN AND BURGER BAKERY AND PASTRY CAFE AND RESTAURANT",1854.5310,
2799,"August 2024","Voice Premium — August 2024 (Excel seed)",2518215,"HELLOW TENA MEREGA",40.0120,
2844,"August 2024","Voice Premium — August 2024 (Excel seed)",2518284,"HULEGEB INFORMATION CENTER PLC",46.2210,
2801,"August 2024","Voice Premium — August 2024 (Excel seed)",2518293,"MEBRAHTOM DANIAL AND FRINDES PRINTING AND ADVERTIZING WORK PARTNERSHIP",195.3980,2003
2803,"August 2024","Voice Premium — August 2024 (Excel seed)",2518340,"MEREJA HELLO PLC.",3970.9810,
2804,"August 2024","Voice Premium — August 2024 (Excel seed)",2518409,"SURE TRADING PLC",8.4000,2007
2843,"August 2024","Voice Premium — August 2024 (Excel seed)",2518773,"MAKUTA INTERNATIONAL CONSULTING PLC",246.2110,
2829,"August 2024","Voice Premium — August 2024 (Excel seed)",2519137,"RED SEA TRAVEL AGENCY",1464.6660,
2838,"August 2024","Voice Premium — August 2024 (Excel seed)",2519208,"SALMAN TRANSPORT STORE AND COMMUNCATION PLC",613.5080,2288
2813,"August 2024","Voice Premium — August 2024 (Excel seed)",2519421,"KULFO FISH TELECOM",95.9490,
2818,"August 2024","Voice Premium — August 2024 (Excel seed)",2519527,"MOD ETH OUT SOURCE PLC",40.6210,
2831,"August 2024","Voice Premium — August 2024 (Excel seed)",2519656,"MELKAMU BAYE AGEGNEHU (NEW PATH HEALTH CARE)",28.0140,
2823,"August 2024","Voice Premium — August 2024 (Excel seed)",2519780,"MIRAKA MOTOR",142.8700,2004
2824,"August 2024","Voice Premium — August 2024 (Excel seed)",2519793,"EFOY PLUS TRADING PLC",60.9280,
2825,"August 2024","Voice Premium — August 2024 (Excel seed)",2519828,"ZOBLE TECHNLOGY PLCO",223.4120,
2839,"August 2024","Voice Premium — August 2024 (Excel seed)",2519912,"Gidabo Ride City Meter Tax PLC",44.8280,
2835,"August 2024","Voice Premium — August 2024 (Excel seed)",2519998,"HELLO BEG TADING PLC",1006.4040,
2417,"August 2024","MT/ Mobile terminated Premium — August 2024 (Excel seed)",30026700007345,MoWSA,108.5550,1965
2400,"August 2024","MT/ Mobile terminated Premium — August 2024 (Excel seed)",40000000000024,"DS Media",2486.2400,2231
2402,"August 2024","MT/ Mobile terminated Premium — August 2024 (Excel seed)",6192,"MIHIRET BISHAW ABAMECHA",34801.8900,
2403,"August 2024","MT/ Mobile terminated Premium — August 2024 (Excel seed)",6251,"OMERICON ELECTRICAL AND IT SOLUTION",2249.1250,
2405,"August 2024","MT/ Mobile terminated Premium — August 2024 (Excel seed)",6321,"ONE LOVE BROADCASTING SERVICE PLC",251.1300,
2419,"August 2024","MT/ Mobile terminated Premium — August 2024 (Excel seed)",6804,"AWASH FM 90.7",21.0000,
2425,"August 2024","MT/ Mobile terminated Premium — August 2024 (Excel seed)",6899,"BILALUL MEDIA PLC",9.0000,
2492,"August 2024","MT/ Mobile terminated Premium — August 2024 (Excel seed)",7012,FAMEVAS,6148.0700,
2431,"August 2024","MT/ Mobile terminated Premium — August 2024 (Excel seed)",7154,"DANIEL GETENET TELE COMM. VAS",89542.2500,
2496,"August 2024","MT/ Mobile terminated Premium — August 2024 (Excel seed)",7336,"HAMILTEN MELTI MIDIA PLC",117212.5800,
2441,"August 2024","MT/ Mobile terminated Premium — August 2024 (Excel seed)",7633,"MEBERATU ABREHA GERMAY",5251.1250,
2445,"August 2024","MT/ Mobile terminated Premium — August 2024 (Excel seed)",7886,"BLUE IT SOLUTION PLC",58831.9050,
2451,"August 2024","MT/ Mobile terminated Premium — August 2024 (Excel seed)",8101,"ADEY TINSAE MEDIA AND ENTERTAINMENT PLC . .",2101.0500,
2491,"August 2024","MT/ Mobile terminated Premium — August 2024 (Excel seed)",8369,"Birikt Tewelede Weledgirgis",45051.5150,
2471,"August 2024","MT/ Mobile terminated Premium — August 2024 (Excel seed)",9032,"HILL INTERNAT SERVICE PLC",4175.5850,
2472,"August 2024","MT/ Mobile terminated Premium — August 2024 (Excel seed)",9036,"ORIGIN ICT SOLUTION PLC",63540.7550,
2475,"August 2024","MT/ Mobile terminated Premium — August 2024 (Excel seed)",9187,"AMARS PLAN TRADING PLC",98467.7100,
2849,"January 2025","API — January 2025 (Excel seed)",TOTAL,"Partner TOTAL",73223868.1065,
2685,"July 2024","API — July 2024 (Excel seed)",129432000009885,"Nyala Insurance",6805.0400,
2643,"July 2024","API — July 2024 (Excel seed)",135172000013127,"Asha Isaak",148460.1950,
2737,"July 2024","API — July 2024 (Excel seed)",149722000013909,"AMHARA NATIONAL REGIONAL STATE OFFICE OF THE HEAD",11.0000,
2724,"July 2024","API — July 2024 (Excel seed)",150392000013958,"MINISTRY OF EDUCATION1",203.0100,1844
2666,"July 2024","API — July 2024 (Excel seed)",150572000014033,"Ultimate it solutions",82846.4000,
2676,"July 2024","API — July 2024 (Excel seed)",150832000013988,"Horizon ICT Solution PLC",16920.4550,
2680,"July 2024","API — July 2024 (Excel seed)",150942000014000,"Kidist Ephrem",59630.8000,
2638,"July 2024","API — July 2024 (Excel seed)",151462000014078,"Yegara Advertising",122318.1300,
2571,"July 2024","API — July 2024 (Excel seed)",151522000014052,"Tigist Gebyaw Telecomunication Value Added Service",261182.5250,
2539,"July 2024","API — July 2024 (Excel seed)",151742000014057,"Tewodros Alemayehu Telecommunication VAS",591781.8900,
2662,"July 2024","API — July 2024 (Excel seed)",151852000014083,"WAM ICT solution consultancy",25566.7800,
2781,"July 2024","API — July 2024 (Excel seed)",1541020000142940,"Partner 1541020000142940",0.5000,
2762,"July 2024","API — July 2024 (Excel seed)",154292000014338,"Hasset Echo School of Music_1",25.0000,
2692,"July 2024","API — July 2024 (Excel seed)",154812000014395,"Tesfahun Sahile",9753.8750,
2576,"July 2024","API — July 2024 (Excel seed)",155422000014433,"Tigist Gebyaw Telecomunication Value Added Service",411956.9800,
2689,"July 2024","API — July 2024 (Excel seed)",156022000014511,"Horizon ICT Solution PLC",12046.0200,
2516,"July 2024","API — July 2024 (Excel seed)",156342000014525,"Tewodros Alemayehu Telecommunication VAS",1197199.4500,
2698,"July 2024","API — July 2024 (Excel seed)",156392000014538,"Scitech Vally Ict Solution Plc",2791.3950,
2630,"July 2024","API — July 2024 (Excel seed)",156512000014549,"Surafel Shambel Keralem",8662.0700,
2551,"July 2024","API — July 2024 (Excel seed)",156692000014719,"Marame Amante VAS",386820.2700,1716
2715,"July 2024","API — July 2024 (Excel seed)",3000102000007010,"Ketim Desalegn Telecommunication VAS",35650.8150,
2764,"July 2024","API — July 2024 (Excel seed)",300020200007020,"Bethelhem Fesehaye",19642.8150,
2729,"July 2024","API — July 2024 (Excel seed)",300030200007030,"I CONIC TRADING PLC",72.0400,
2732,"July 2024","API — July 2024 (Excel seed)",300031200007031,"Iconic Trading PLC",41.0250,
2731,"July 2024","API — July 2024 (Excel seed)",300032200007032,"Iconic Trading PLC",62.0300,
2723,"July 2024","API — July 2024 (Excel seed)",300043200007043,"Has game trading PLC",148.0750,
2733,"July 2024","API — July 2024 (Excel seed)",300044200007044,"Add On Mobile tech Solution",60.0300,
2740,"July 2024","API — July 2024 (Excel seed)",300055200007055,"MOYALE TOWN ADDIMINISTRATION",0.5000,
2765,"July 2024","API — July 2024 (Excel seed)",300065200007065,"Revenue partner 300065200007065",12.0050,1876
2735,"July 2024","API — July 2024 (Excel seed)",300074200007074,"Merima Dafo Aman VAS",50.0250,
2707,"July 2024","API — July 2024 (Excel seed)",300075200007075,"Dibora Foundation",1192.5900,
2705,"July 2024","API — July 2024 (Excel seed)",300081200007082,"Fame VAS",857.4300,
2767,"July 2024","API — July 2024 (Excel seed)",300087200007088,"Gabrela Girma",4684.3400,
2727,"July 2024","API — July 2024 (Excel seed)",300091200007091,"Bereket Belay",94.0450,
2768,"July 2024","API — July 2024 (Excel seed)",300096200007096,"Gemmechis Name",188.0950,
2700,"July 2024","API — July 2024 (Excel seed)",300100200007105,"Qalam Educational plat form",341.1700,
2771,"July 2024","API — July 2024 (Excel seed)",300100200007125,SMARTGREEN,3.0000,
2778,"July 2024","API — July 2024 (Excel seed)",30012500007137,"GNARO ADAMU",3406.7050,
2769,"July 2024","API — July 2024 (Excel seed)",30013400007166,"YADESA TAYE AGIDO",421.2100,
4373,"July 2026","MT/ Mobile terminated Premium — July 2026",0136272000012246,"Kutako Solutions",1706.8500,1936
4226,"July 2026","CRBT — July 2026",601509,"Shewa Kena Benti",14937.8300,2188
4487,"July 2026","CRBT — July 2026",601551,"Firomi Telecommunication VAS Work PLC",11127.0000,2226
3318,"June 2022","Voice Premium — June 2022 (Excel seed)",0048072000003051,"HABESHA WEEKLY PROMOTION PLC",79.8038,
3387,"June 2022","Voice Premium — June 2022 (Excel seed)",0151782000014061,"ANDEGNA ECOMMERCE AND TRADING PLC",7.1205,1960
3282,"June 2022","Voice Premium — June 2022 (Excel seed)",6061,"Partner 6061",59.1031,
3283,"June 2022","Voice Premium — June 2022 (Excel seed)",6131,"Partner 6131",1269.0342,
3284,"June 2022","Voice Premium — June 2022 (Excel seed)",6212,"Partner 6212",823.5160,
3285,"June 2022","Voice Premium — June 2022 (Excel seed)",6229,"Partner 6229",1056.1278,
3286,"June 2022","Voice Premium — June 2022 (Excel seed)",6303,"Partner 6303",14382.1622,
3287,"June 2022","Voice Premium — June 2022 (Excel seed)",6311,"Partner 6311",155.4777,
3288,"June 2022","Voice Premium — June 2022 (Excel seed)",6434,"Partner 6434",10.1269,
3289,"June 2022","Voice Premium — June 2022 (Excel seed)",6583,"Partner 6583",301.4725,
3290,"June 2022","Voice Premium — June 2022 (Excel seed)",6804,"AWASH FM 90.7",123.9619,
3291,"June 2022","Voice Premium — June 2022 (Excel seed)",6810,"Partner 6810",6838.2174,
3292,"June 2022","Voice Premium — June 2022 (Excel seed)",6949,"Partner 6949",21.0105,
3293,"June 2022","Voice Premium — June 2022 (Excel seed)",6966,"Partner 6966",392.1960,
3294,"June 2022","Voice Premium — June 2022 (Excel seed)",6969,"Partner 6969",84.6229,
3295,"June 2022","Voice Premium — June 2022 (Excel seed)",7000,"Partner 7000",368.1171,
3296,"June 2022","Voice Premium — June 2022 (Excel seed)",7024,"Partner 7024",1005.7026,
3297,"June 2022","Voice Premium — June 2022 (Excel seed)",7025,"Partner 7025",19.1117,
3298,"June 2022","Voice Premium — June 2022 (Excel seed)",7045,"Partner 7045",39.5397,
3299,"June 2022","Voice Premium — June 2022 (Excel seed)",7058,"Partner 7058",718.5591,
3300,"June 2022","Voice Premium — June 2022 (Excel seed)",7071,"Partner 7071",507.1752,
3301,"June 2022","Voice Premium — June 2022 (Excel seed)",7077,"Partner 7077",46.4142,
3302,"June 2022","Voice Premium — June 2022 (Excel seed)",7117,"Partner 7117",21.0105,
3303,"June 2022","Voice Premium — June 2022 (Excel seed)",7151,"Partner 7151",1608.0036,
3304,"June 2022","Voice Premium — June 2022 (Excel seed)",7170,"Partner 7170",8367.2117,
3305,"June 2022","Voice Premium — June 2022 (Excel seed)",7171,"Partner 7171",946.8732,
3306,"June 2022","Voice Premium — June 2022 (Excel seed)",7192,"Partner 7192",189.0945,
3307,"June 2022","Voice Premium — June 2022 (Excel seed)",7380,"Partner 7380",1983.3912,
3308,"June 2022","Voice Premium — June 2022 (Excel seed)",7429,"Partner 7429",7606.9815,
3309,"June 2022","Voice Premium — June 2022 (Excel seed)",7445,"Partner 7445",2.5161,
3310,"June 2022","Voice Premium — June 2022 (Excel seed)",7473,"Partner 7473",48373.7180,
3311,"June 2022","Voice Premium — June 2022 (Excel seed)",7475,"Partner 7475",79.8399,
3312,"June 2022","Voice Premium — June 2022 (Excel seed)",7599,"Partner 7599",8.4042,
3313,"June 2022","Voice Premium — June 2022 (Excel seed)",7617,"Partner 7617",1564.5819,
3314,"June 2022","Voice Premium — June 2022 (Excel seed)",7622,"Partner 7622",14.0070,
3315,"June 2022","Voice Premium — June 2022 (Excel seed)",7656,"Partner 7656",173.6868,
3316,"June 2022","Voice Premium — June 2022 (Excel seed)",7755,"Partner 7755",725.5626,
3317,"June 2022","Voice Premium — June 2022 (Excel seed)",7877,"Partner 7877",4625.5727,
3319,"June 2022","Voice Premium — June 2022 (Excel seed)",8035,"Partner 8035",1881.1401,
3321,"June 2022","Voice Premium — June 2022 (Excel seed)",8123,"Partner 8123",259598.7655,
3322,"June 2022","Voice Premium — June 2022 (Excel seed)",8131,"Partner 8131",2988.1331,
3323,"June 2022","Voice Premium — June 2022 (Excel seed)",8191,"Partner 8191",2917.1100,
3324,"June 2022","Voice Premium — June 2022 (Excel seed)",8210,"Partner 8210",375.1077,
3325,"June 2022","Voice Premium — June 2022 (Excel seed)",8238,"Partner 8238",2.8001,
3326,"June 2022","Voice Premium — June 2022 (Excel seed)",8284,"Partner 8284",5630.8140,
3327,"June 2022","Voice Premium — June 2022 (Excel seed)",8354,"Partner 8354",5376.0445,
3329,"June 2022","Voice Premium — June 2022 (Excel seed)",8421,"Partner 8421",102.9514,
3330,"June 2022","Voice Premium — June 2022 (Excel seed)",8489,"Partner 8489",4.2021,
3331,"June 2022","Voice Premium — June 2022 (Excel seed)",8610,"Partner 8610",651.3255,
3332,"June 2022","Voice Premium — June 2022 (Excel seed)",8802,"Partner 8802",236.5882,
3333,"June 2022","Voice Premium — June 2022 (Excel seed)",8809,"Partner 8809",48231.5211,
3334,"June 2022","Voice Premium — June 2022 (Excel seed)",9078,"Partner 9078",31.2156,
3335,"June 2022","Voice Premium — June 2022 (Excel seed)",9126,"Partner 9126",2.1010,
3336,"June 2022","Voice Premium — June 2022 (Excel seed)",9133,"Partner 9133",1214.4069,
3337,"June 2022","Voice Premium — June 2022 (Excel seed)",9212,"Partner 9212",1392.2958,
3281,"June 2022","Voice Premium — June 2022 (Excel seed)",929,"Partner 929",7594.4002,
3338,"June 2022","Voice Premium — June 2022 (Excel seed)",9293,"Partner 9293",7.0035,
3339,"June 2022","Voice Premium — June 2022 (Excel seed)",9303,"Partner 9303",9.8049,
3340,"June 2022","Voice Premium — June 2022 (Excel seed)",9323,"Partner 9323",79.6541,
3341,"June 2022","Voice Premium — June 2022 (Excel seed)",9339,"Partner 9339",4.1138,
3342,"June 2022","Voice Premium — June 2022 (Excel seed)",9353,"Partner 9353",1354.5221,
3343,"June 2022","Voice Premium — June 2022 (Excel seed)",9394,"Partner 9394",5013.3851,
3344,"June 2022","Voice Premium — June 2022 (Excel seed)",9399,"Partner 9399",493.0464,
3345,"June 2022","Voice Premium — June 2022 (Excel seed)",9441,"Partner 9441",301.1505,
3346,"June 2022","Voice Premium — June 2022 (Excel seed)",9455,"Partner 9455",106.4532,
3347,"June 2022","Voice Premium — June 2022 (Excel seed)",9456,"Partner 9456",95.2476,
3348,"June 2022","Voice Premium — June 2022 (Excel seed)",9460,"Partner 9460",306.7533,
3349,"June 2022","Voice Premium — June 2022 (Excel seed)",9478,"Partner 9478",2.1010,
3350,"June 2022","Voice Premium — June 2022 (Excel seed)",9480,"Partner 9480",16.8084,
3351,"June 2022","Voice Premium — June 2022 (Excel seed)",9484,"Partner 9484",2.1010,
3352,"June 2022","Voice Premium — June 2022 (Excel seed)",9515,"Partner 9515",16.9292,
3353,"June 2022","Voice Premium — June 2022 (Excel seed)",9516,"Partner 9516",4.2021,
3354,"June 2022","Voice Premium — June 2022 (Excel seed)",9522,"Partner 9522",868.4924,
3355,"June 2022","Voice Premium — June 2022 (Excel seed)",9525,"Partner 9525",221.3106,
3356,"June 2022","Voice Premium — June 2022 (Excel seed)",9527,"Partner 9527",29.4147,
3357,"June 2022","Voice Premium — June 2022 (Excel seed)",9542,"Partner 9542",1105.1523,
3358,"June 2022","Voice Premium — June 2022 (Excel seed)",9544,"Partner 9544",54.6273,
3359,"June 2022","Voice Premium — June 2022 (Excel seed)",9545,"Partner 9545",917.4585,
3360,"June 2022","Voice Premium — June 2022 (Excel seed)",9558,"Partner 9558",21.0105,
3361,"June 2022","Voice Premium — June 2022 (Excel seed)",9575,"Partner 9575",29.4731,
3362,"June 2022","Voice Premium — June 2022 (Excel seed)",9580,"Partner 9580",73.5367,
3363,"June 2022","Voice Premium — June 2022 (Excel seed)",9596,"Partner 9596",745.1724,
3364,"June 2022","Voice Premium — June 2022 (Excel seed)",9640,"Partner 9640",124.6623,
3366,"June 2022","Voice Premium — June 2022 (Excel seed)",9669,"Partner 9669",42.0210,
3367,"June 2022","Voice Premium — June 2022 (Excel seed)",9675,"Partner 9675",2602.1281,
3368,"June 2022","Voice Premium — June 2022 (Excel seed)",9700,"Partner 9700",872.6823,
3369,"June 2022","Voice Premium — June 2022 (Excel seed)",9716,"Partner 9716",0.2335,
3370,"June 2022","Voice Premium — June 2022 (Excel seed)",9717,"Partner 9717",10581.8538,
3371,"June 2022","Voice Premium — June 2022 (Excel seed)",9737,"Partner 9737",444.9559,
3372,"June 2022","Voice Premium — June 2022 (Excel seed)",9744,"Partner 9744",29.7650,
3373,"June 2022","Voice Premium — June 2022 (Excel seed)",9755,"Partner 9755",75.8129,
3374,"June 2022","Voice Premium — June 2022 (Excel seed)",9773,"Partner 9773",64.4322,
3375,"June 2022","Voice Premium — June 2022 (Excel seed)",9775,"Partner 9775",78.4392,
3376,"June 2022","Voice Premium — June 2022 (Excel seed)",9778,"Partner 9778",69.3346,
3377,"June 2022","Voice Premium — June 2022 (Excel seed)",9780,"Partner 9780",168.0840,
3378,"June 2022","Voice Premium — June 2022 (Excel seed)",9793,"Partner 9793",302.5512,
3379,"June 2022","Voice Premium — June 2022 (Excel seed)",9797,"Partner 9797",496.1944,
3380,"June 2022","Voice Premium — June 2022 (Excel seed)",9800,"Partner 9800",11.2056,
3381,"June 2022","Voice Premium — June 2022 (Excel seed)",9806,"Partner 9806",86.8434,
3382,"June 2022","Voice Premium — June 2022 (Excel seed)",9813,"Partner 9813",3951.5840,
3383,"June 2022","Voice Premium — June 2022 (Excel seed)",9830,"Partner 9830",93.8469,
3384,"June 2022","Voice Premium — June 2022 (Excel seed)",9856,"Partner 9856",32.5664,
3385,"June 2022","Voice Premium — June 2022 (Excel seed)",9858,"Partner 9858",211.5469,
3386,"June 2022","Voice Premium — June 2022 (Excel seed)",9870,"Partner 9870",413.3233,
3388,"June 2022","Voice Premium — June 2022 (Excel seed)",9880,"Partner 9880",1748.0736,
3389,"June 2022","Voice Premium — June 2022 (Excel seed)",9883,"Partner 9883",40.8542,
3390,"June 2022","Voice Premium — June 2022 (Excel seed)",9885,"Partner 9885",80.9820,
3391,"June 2022","Voice Premium — June 2022 (Excel seed)",9898,"Partner 9898",5983.8488,
3392,"June 2022","Voice Premium — June 2022 (Excel seed)",9910,"Partner 9910",56.0280,
3393,"June 2022","Voice Premium — June 2022 (Excel seed)",9919,"Partner 9919",84.0420,
3394,"June 2022","Voice Premium — June 2022 (Excel seed)",9922,"Partner 9922",3103.4843,
3395,"June 2022","Voice Premium — June 2022 (Excel seed)",9969,"Partner 9969",718.5591,
3396,"June 2022","Voice Premium — June 2022 (Excel seed)",9998,"Partner 9998",838.3189,
